Date,day_of_week,month,is_weekend,precipitation_hours,wind_direction_10m_dominant,local_party,GAMES,Revenue_RollingMean_7,RollingMean_30,Lag_7,Revenue
2023-01-01,6,1,1,0.0,284,1.0,0.0,2976.835714285714,2288.5566666666664,1019.9,2369.85
2023-01-02,0,1,0,0.0,307,1.0,0.0,3169.6857142857148,2353.1516666666666,2850.85,4176.1
2023-01-03,1,1,0,3.0,286,0.0,0.0,3359.007142857143,2449.6433333333334,1953.8,2498.0
2023-01-04,2,1,0,0.0,297,0.0,0.0,3436.75,2525.186666666667,4645.95,3303.9
2023-01-05,3,1,0,0.0,283,0.0,0.0,3245.028571428572,2584.516666666667,4632.35,2179.7
2023-01-06,4,1,0,0.0,295,1.0,0.0,2894.65,2552.016666666667,4246.6,1687.5
2023-01-07,5,1,1,0.0,287,0.0,0.0,2529.0642857142857,2543.903333333333,1488.4,5624.75
2023-01-08,6,1,1,6.0,263,0.0,0.0,3119.971428571429,2702.898333333333,2369.85,2840.7
2023-01-10,1,1,0,0.0,305,0.0,0.0,3187.2357142857145,2772.9716666666664,4176.1,334.3
2023-01-11,2,1,0,0.0,309,0.0,0.0,2638.407142857143,2716.8083333333334,2498.0,835.5
2023-01-12,3,1,0,0.0,292,0.0,0.0,2400.907142857143,2670.253333333333,3303.9,830.85
2023-01-13,4,1,0,0.0,305,0.0,0.0,2047.6142857142859,2595.45,2179.7,2439.25
2023-01-14,5,1,1,0.0,273,0.0,0.0,2084.692857142857,2516.2200000000003,1687.5,5963.0
2023-01-15,6,1,1,3.0,248,0.0,0.0,2695.4785714285713,2641.7766666666666,5624.75,3690.25
2023-01-17,1,1,0,2.0,265,0.0,0.0,2419.121428571428,2736.858333333333,2840.7,377.95
2023-01-18,2,1,0,0.0,296,0.0,0.0,2067.3,2719.186666666667,334.3,1069.1
2023-01-19,3,1,0,1.0,295,0.0,0.0,2172.2714285714287,2729.4900000000002,835.5,1313.85
2023-01-20,4,1,0,0.0,298,0.0,0.0,2240.6071428571427,2685.5983333333334,830.85,2971.95
2023-01-21,5,1,1,0.0,316,0.0,0.0,2546.4785714285713,2632.4349999999995,2439.25,5964.8
2023-01-22,6,1,1,0.0,317,0.0,0.0,3050.128571428572,2735.753333333333,5963.0,3319.2
2023-01-24,1,1,0,0.0,316,0.0,0.0,2672.442857142857,2799.275,3690.25,483.5
2023-01-25,2,1,0,2.0,317,0.0,0.0,2214.335714285714,2740.3816666666667,377.95,1159.5
2023-01-26,3,1,0,0.0,318,0.0,0.0,2325.985714285714,2682.62,1069.1,941.35
2023-01-27,4,1,0,1.0,267,0.0,0.0,2307.735714285714,2573.7566666666667,1313.85,2217.25
2023-01-28,5,1,1,5.0,287,0.0,0.0,2436.792857142857,2613.6683333333335,2971.95,6036.65
2023-01-29,6,1,1,4.0,245,0.0,0.0,2874.6071428571427,2719.861666666666,5964.8,3096.15
2023-01-31,1,1,0,0.0,309,0.0,0.0,2464.7999999999997,2757.94,3319.2,1488.15
2023-02-01,2,2,0,0.0,291,0.0,0.0,2203.2214285714285,2652.68,483.5,1646.45
2023-02-02,3,2,0,0.0,307,0.0,0.0,2369.3571428571427,2553.15,1159.5,1295.45
2023-02-03,4,2,0,0.0,284,0.0,0.0,2388.778571428571,2454.7783333333336,941.35,1900.5
2023-02-04,5,2,1,0.0,305,0.0,0.0,2525.7999999999997,2468.5150000000003,2217.25,6073.5
2023-02-05,6,2,1,0.0,284,0.0,0.0,3076.692857142857,2591.9700000000003,6036.65,3130.0
2023-02-07,1,2,0,15.0,56,0.0,0.0,2661.457142857143,2557.1,3096.15,380.35
2023-02-08,2,2,0,12.0,56,0.0,0.0,2273.4857142857145,2486.5116666666663,1488.15,927.15
2023-02-09,3,2,0,1.0,46,0.0,0.0,2193.342857142857,2407.286666666667,1646.45,1223.0
2023-02-10,4,2,0,0.0,272,0.0,0.0,2132.85,2375.396666666667,1295.45,2503.2
2023-02-11,5,2,1,0.0,285,0.0,0.0,2305.3857142857146,2402.586666666667,1900.5,4831.4
2023-02-12,6,2,1,0.0,262,0.0,0.0,2724.085714285714,2376.141666666667,6073.5,2835.75
2023-02-14,1,2,0,0.0,264,1.0,1.0,2261.5499999999997,2375.976666666667,3130.0,2777.755
2023-02-15,2,2,0,0.0,256,0.0,1.0,2211.2292857142857,2457.425166666667,380.35,1427.621
2023-02-16,3,2,0,0.0,289,0.0,0.0,2360.8394285714285,2477.1625333333336,927.15,1052.906
2023-02-17,4,2,0,0.0,282,0.0,0.0,2378.8045714285713,2484.5644,1223.0,1935.108
2023-02-18,5,2,1,0.0,271,0.0,0.0,2480.5342857142855,2467.7596666666664,2503.2,5715.417
2023-02-19,6,2,1,0.0,278,0.0,0.0,2939.4224285714286,2459.5069,4831.4,2879.916
2023-02-21,1,2,0,1.0,249,1.0,1.0,2660.639,2432.4957666666664,2835.75,219.65
2023-02-22,2,2,0,1.0,54,1.0,1.0,2286.910428571429,2427.2191000000003,2777.755,1125.607
2023-02-23,3,2,0,10.0,140,0.0,0.0,2050.889285714286,2429.1026666666667,1427.621,892.4069999999999
2023-02-24,4,2,0,5.0,303,0.0,0.0,1974.430142857143,2415.0545666666667,1052.906,1363.611
2023-02-25,5,2,1,1.0,300,0.0,0.0,2018.8165714285715,2361.443266666667,1935.108,5669.417
2023-02-26,6,2,1,13.0,277,0.0,0.0,2552.289285714286,2351.597166666667,5715.417,3544.509
2023-02-27,0,2,0,11.0,288,0.0,0.0,2242.1595714285713,2359.107466666667,2879.916,147.102
2023-02-28,1,2,0,2.0,318,1.0,0.0,1851.7575714285717,2347.8942,219.65,735.548
2023-03-01,2,3,0,0.0,285,1.0,0.0,1925.457285714286,2333.762466666667,1125.607,575.71
2023-03-02,3,3,0,2.0,321,0.0,0.0,1846.9005714285718,2321.5744666666665,892.4069999999999,1087.152
2023-03-03,4,3,0,0.0,268,0.0,0.0,1874.7212857142858,2283.9045333333333,1363.611,2547.809
2023-03-04,5,3,1,0.0,288,0.0,0.0,2043.8924285714288,2167.6098333333334,5669.417,5250.339
2023-03-05,6,3,1,0.0,255,0.0,0.0,1984.0241428571428,2239.416133333333,3544.509,3254.858
2023-03-07,1,3,0,0.0,269,0.0,1.0,1942.6454285714285,2298.3064000000004,147.102,255.301
2023-03-08,2,3,0,0.0,250,0.0,1.0,1958.1024285714284,2251.9347666666667,735.548,605.9499999999999
2023-03-09,3,3,0,3.0,261,0.0,0.0,1939.5884285714287,2228.951433333333,575.71,870.404
2023-03-10,4,3,0,0.0,282,0.0,0.0,1981.6875714285713,2194.6149,1087.152,2036.41
2023-03-11,5,3,1,0.0,297,0.0,0.0,2117.295857142857,2060.0452333333333,2547.809,4913.531
2023-03-12,6,3,1,0.0,67,0.0,0.0,2455.2561428571425,2119.496266666667,5250.339,2206.004
2023-03-14,1,3,0,0.0,302,0.0,1.0,2020.3511428571426,2180.3514,3254.858,508.406
2023-03-15,2,3,0,0.0,286,0.0,1.0,1628.000857142857,2166.393266666667,255.301,610.4
2023-03-16,3,3,0,0.0,209,0.0,0.0,1678.7292857142857,2145.973266666667,605.9499999999999,987.151
2023-03-17,4,3,0,4.0,80,0.0,0.0,1733.1865714285711,2095.4383,870.404,2453.01
2023-03-18,5,3,1,2.0,187,0.0,0.0,1959.2731428571426,2016.1586333333335,2036.41,5200.869
2023-03-19,6,3,1,2.0,197,1.0,0.0,2411.338714285714,2094.9959333333336,4913.531,3754.814
2023-03-21,1,3,0,0.0,223,0.0,0.0,2245.807714285714,2127.5645666666665,2206.004,1004.259
2023-03-22,2,3,0,0.0,232,0.0,0.0,2074.1298571428574,2113.4525,508.406,1063.102
2023-03-23,3,3,0,0.0,216,0.0,0.0,2153.372142857143,2113.7923666666666,610.4,636.304
2023-03-24,4,3,0,0.0,271,0.0,0.0,2157.0727142857145,2070.4989,987.151,2102.258
2023-03-25,5,3,1,0.0,187,0.0,0.0,2316.3737142857144,1950.0602666666668,2453.01,4148.575
2023-03-26,6,3,1,0.0,276,1.0,0.0,2558.5972857142856,1992.3489,5200.869,2074.565
2023-03-28,1,3,0,3.0,202,0.0,0.0,2111.9824285714285,2054.1794,3754.814,693.206
2023-03-29,2,3,0,0.0,234,0.0,0.0,1674.6098571428572,2039.7660333333333,1004.259,648.002
2023-03-30,3,3,0,0.0,216,0.0,0.0,1623.716,2031.6192,1063.102,380.6
2023-03-31,4,3,0,0.0,300,0.0,0.0,1526.2157142857143,1998.8521666666666,636.304,1127.97
2023-04-01,5,4,1,2.0,262,0.0,0.0,1596.4537142857146,1847.4706,2102.258,4270.212
2023-04-02,6,4,1,1.0,302,1.0,0.0,1906.1614285714288,1871.6607,4148.575,2425.662
2023-04-03,0,4,0,0.0,215,0.0,0.0,1660.0310000000002,1947.6127000000001,2074.565,994.957
2023-04-04,1,4,0,0.0,130,0.0,0.0,1505.8012857142858,1956.2596666666664,693.206,1379.596
2023-04-05,2,4,0,0.0,222,0.0,0.0,1603.857,1983.0558666666666,648.002,1845.352
2023-04-06,3,4,0,1.0,226,1.0,0.0,1774.907,2008.3292000000001,380.6,3972.821
2023-04-07,4,4,0,0.0,240,1.0,0.0,2288.0814285714287,2055.8296,1127.97,3946.172
2023-04-08,5,4,1,0.0,102,1.0,0.0,2690.6817142857144,2012.3573666666668,4270.212,3995.828
2023-04-09,6,4,1,0.0,234,1.0,0.0,2651.484,2037.0563666666667,2425.662,3648.024
2023-04-10,0,4,0,0.0,202,1.0,0.0,2826.1071428571427,2150.1471333333334,994.957,2056.758
2023-04-11,1,4,0,0.0,223,0.0,1.0,2977.793,2198.5074,1379.596,803.71
2023-04-12,2,4,0,0.0,247,0.0,1.0,2895.5235714285714,2196.284266666667,1845.352,330.602
2023-04-13,3,4,0,7.0,240,0.0,0.0,2679.1307142857145,2139.424,3972.821,545.548
2023-04-14,4,4,0,0.0,250,0.0,0.0,2189.520285714286,1993.8245666666664,3946.172,1811.919
2023-04-15,5,4,1,0.0,28,0.0,0.0,1884.627,1980.6884,3995.828,6120.389
2023-04-16,6,4,1,0.0,217,0.0,0.0,2188.135714285714,2167.7545,3648.024,2121.759
2023-04-18,1,4,0,3.0,206,0.0,1.0,1970.097857142857,2218.1331333333337,2056.758,448.8
2023-04-19,2,4,0,0.0,224,0.0,1.0,1740.3895714285713,2200.1881,803.71,717.906
2023-04-20,3,4,0,0.0,229,0.0,0.0,1728.1318571428571,2142.3513,330.602,622.5509999999999
2023-04-21,4,4,0,0.0,201,0.0,0.0,1769.838857142857,1989.7406999999998,545.548,1569.415
2023-04-22,5,4,1,0.0,206,1.0,0.0,1916.1055714285717,1916.8940666666667,1811.919,3276.264
2023-04-23,6,4,1,0.0,205,1.0,0.0,2125.297714285714,1992.6275666666668,6120.389,4226.718
2023-04-25,1,4,0,0.0,93,0.0,0.0,1854.7732857142857,2098.0814333333333,2121.759,614.1
2023-04-26,2,4,0,0.0,198,0.0,0.0,1639.3934285714283,2097.3413,448.8,647.648
2023-04-27,3,4,0,0.0,215,0.0,0.0,1667.8002857142858,2048.8543,717.906,578.4
2023-04-28,4,4,0,0.0,185,0.0,0.0,1647.8708571428572,1929.8484666666666,622.5509999999999,1050.352
2023-04-29,5,4,1,4.0,127,0.0,0.0,1708.9852857142857,1895.7080333333333,1569.415,4072.767
2023-04-30,6,4,1,3.0,190,0.0,0.0,2066.607,2008.3600666666669,3276.264,2843.51
2023-05-01,0,5,0,4.0,118,1.0,0.0,2004.7849999999999,2081.5436666666665,4226.718,2642.35
2023-05-02,1,5,0,0.0,214,1.0,0.0,1778.446714285714,2156.9353333333333,614.1,289.502
2023-05-03,2,5,0,0.0,220,0.0,0.0,1732.0755714285715,2128.9864000000002,647.648,412.049
2023-05-04,3,5,0,0.0,216,0.0,0.0,1698.4185714285716,2000.3809666666668,578.4,578.803
2023-05-05,4,5,0,0.0,210,0.0,0.0,1698.476142857143,1938.819,1050.352,1787.422
2023-05-06,5,5,1,0.0,153,0.0,0.0,1803.771857142857,1965.2345,4072.767,3220.324
2023-05-07,6,5,1,0.0,151,1.0,0.0,1681.9942857142855,2026.5921,2843.51,3847.917
2023-05-09,1,5,0,4.0,209,0.0,1.0,1825.481,2093.3442666666665,2642.35,449.606
2023-05-10,2,5,0,9.0,146,0.0,1.0,1512.231857142857,1975.9037666666668,289.502,577.7
2023-05-11,3,5,0,8.0,97,0.0,0.0,1553.403,1863.6213666666665,412.049,471.802
2023-05-12,4,5,0,14.0,69,0.0,0.0,1561.9391428571428,1746.1538333333335,578.803,691.552
2023-05-13,5,5,1,3.0,291,0.0,0.0,1578.0461428571427,1647.6047666666666,1787.422,3169.313
2023-05-14,6,5,1,3.0,256,0.0,0.0,1775.4591428571428,1684.6899333333336,3220.324,2266.147
2023-05-16,1,5,0,0.0,307,0.0,1.0,1639.1481428571428,1733.4378333333332,3847.917,532.202
2023-05-17,2,5,0,0.0,252,1.0,1.0,1165.4745714285716,1740.1578333333334,449.606,975.053
2023-05-18,3,5,0,3.0,203,0.0,0.0,1240.5384285714285,1754.4746666666667,577.7,1275.101
2023-05-19,4,5,0,10.0,323,0.0,0.0,1340.1671428571428,1736.5807333333332,471.802,2605.014
2023-05-20,5,5,1,1.0,315,0.0,0.0,1644.9117142857144,1619.4015666666667,691.552,5312.892
2023-05-21,6,5,1,3.0,141,0.0,0.0,2305.103142857143,1725.7726666666667,3169.313,2172.906
2023-05-23,1,5,0,6.0,55,0.0,0.0,2162.7592857142854,1783.2428666666667,2266.147,909.104
2023-05-24,2,5,0,5.0,223,0.0,0.0,1968.8960000000002,1789.6161333333334,532.202,927.849
2023-05-25,3,5,0,18.0,46,0.0,0.0,2025.4170000000001,1799.7927333333332,975.053,909.56
2023-05-26,4,5,0,0.0,88,0.0,0.0,2016.0608571428572,1777.7975666666669,1275.101,3571.034
2023-05-27,5,5,1,0.0,238,0.0,0.0,2344.0512857142858,1787.6232333333332,2605.014,5091.157999999999
2023-05-28,6,5,1,0.0,241,1.0,0.0,2699.214714285714,1816.4379,5312.892,2507.45
2023-05-30,1,5,0,0.0,171,1.0,0.0,2298.4372857142853,1879.5495666666668,2172.906,492.2
2023-05-31,2,5,0,0.0,56,1.0,0.0,2058.3364285714283,1874.3679666666665,909.104,856.204
2023-06-01,3,6,0,7.0,51,0.0,0.0,2050.7792857142854,1883.6281000000001,927.849,555.5
2023-06-02,4,6,0,4.0,194,0.0,0.0,1997.5865714285712,1867.133033333333,909.56,2082.9
2023-06-03,5,6,1,10.0,329,0.0,0.0,2165.2065714285714,1800.8041333333333,3571.034,4496.414
2023-06-04,6,6,1,9.0,127,0.0,0.0,2297.403714285714,1855.9009333333336,5091.157999999999,2670.95
2023-06-05,0,6,0,4.0,215,0.0,0.0,1951.659714285714,1856.8542666666665,2507.45,558.85
2023-06-06,1,6,0,0.0,223,0.0,0.0,1673.2882857142854,1865.8325333333332,492.2,136.54999999999998
2023-06-07,2,6,0,0.0,220,0.0,0.0,1622.481142857143,1856.6492333333333,856.204,893.85
2023-06-08,3,6,0,0.0,184,1.0,0.0,1627.8591428571428,1867.1508,555.5,194.001
2023-06-09,4,6,0,7.0,216,1.0,0.0,1576.2164285714284,1814.0367666666666,2082.9,1748.8059999999998
2023-06-10,5,6,1,2.0,171,0.0,1.0,1528.488714285714,1764.9861666666666,4496.414,2592.35
2023-06-11,6,6,1,4.0,275,0.0,0.0,1256.4795714285715,1723.1339333333333,2670.95,1897.7
2023-06-13,1,6,0,11.0,305,1.0,0.0,1146.0152857142857,1771.403733333333,558.85,806.55
2023-06-14,2,6,0,2.0,248,0.0,0.0,1181.4009999999998,1779.0320666666667,136.54999999999998,741.5509999999999
2023-06-15,3,6,0,2.0,186,0.0,0.0,1267.8297142857143,1788.0237,893.85,325.202
2023-06-16,4,6,0,0.0,212,0.0,0.0,1186.5942857142857,1775.8120333333331,194.001,1400.462
2023-06-17,5,6,1,0.0,220,0.0,0.0,1358.945857142857,1716.850333333333,1748.8059999999998,2990.458
2023-06-18,6,6,1,0.0,210,0.0,0.0,1536.3247142857144,1740.9940333333334,2592.35,3132.954
2023-06-20,1,6,0,1.0,163,0.0,0.0,1613.5538571428572,1827.6857666666665,1897.7,661.6
2023-06-21,2,6,0,0.0,86,1.0,0.0,1436.9681428571432,1817.2373333333333,806.55,1416.452
2023-06-22,3,6,0,2.0,174,0.0,0.0,1524.097,1821.9490333333335,741.5509999999999,1289.95
2023-06-23,4,6,0,0.0,204,0.0,0.0,1602.4397142857144,1778.1135666666667,325.202,1225.3
2023-06-24,5,6,1,0.0,185,1.0,0.0,1731.025142857143,1641.8605,1400.462,2738.706
2023-06-25,6,6,1,0.0,220,0.0,0.0,1922.202857142857,1660.7205,2990.458,2394.653
2023-06-27,1,6,0,1.0,192,0.0,0.0,1837.087857142857,1710.2387999999999,3132.954,1136.004
2023-06-28,2,6,0,1.0,193,0.0,0.0,1551.8092857142856,1717.1773,661.6,645.8
2023-06-29,3,6,0,3.0,172,1.0,0.0,1549.5521428571428,1708.3852999999997,1416.452,1281.6
2023-06-30,4,6,0,12.0,169,0.0,0.0,1530.2875714285713,1632.0708333333334,1289.95,2213.407
2023-07-01,5,7,1,7.0,154,0.0,0.0,1662.2099999999998,1536.1458,1225.3,3065.667
2023-07-02,6,7,1,3.0,85,0.0,0.0,1925.1195714285714,1554.7530333333334,2738.706,2572.41
2023-07-04,1,7,0,7.0,117,0.0,0.0,1901.3629999999998,1624.0933666666667,2394.653,1705.502
2023-07-05,2,7,0,1.0,107,0.0,0.0,1802.912857142857,1652.4033000000002,1136.004,1404.054
2023-07-06,3,7,0,5.0,112,0.0,0.0,1841.2057142857143,1680.6884333333335,645.8,2179.358
2023-07-07,4,7,0,0.0,67,0.0,0.0,2060.2854285714284,1683.9037,1281.6,2356.106
2023-07-08,5,7,1,0.0,61,0.0,0.0,2213.786285714286,1612.5601,2213.407,3424.518
2023-07-09,6,7,1,0.0,132,0.0,0.0,2386.8021428571433,1637.6790333333333,3065.667,3109.852
2023-07-11,1,7,0,0.0,152,0.0,0.0,2393.1142857142854,1722.7124333333334,2572.41,1153.0
2023-07-12,2,7,0,0.0,116,0.0,0.0,2190.341428571429,1756.5940999999998,1705.502,2719.002
2023-07-13,3,7,0,0.0,182,0.0,0.0,2335.1271428571426,1817.4325,1404.054,1498.451
2023-07-14,4,7,0,0.0,218,0.0,0.0,2348.6124285714286,1860.9141666666667,2179.358,3206.404
2023-07-15,5,7,1,0.0,195,0.0,0.0,2495.3332857142855,1909.5007666666668,2356.106,4057.8
2023-07-16,6,7,1,0.0,139,0.0,0.0,2738.4324285714288,1958.3491,3424.518,2400.651
2023-07-18,1,7,0,0.0,215,0.0,0.0,2592.1657142857143,1975.1141333333335,3109.852,1766.8
2023-07-19,2,7,0,0.0,155,0.0,0.0,2400.301142857143,2007.1224666666667,1153.0,2650.4
2023-07-20,3,7,0,0.0,193,0.0,0.0,2614.2154285714287,2070.7507666666666,2719.002,2171.401
2023-07-21,4,7,0,3.0,148,0.0,0.0,2535.9867142857142,2132.2907333333333,1498.451,3270.75
2023-07-22,5,7,1,0.0,156,0.0,0.0,2789.1722857142854,2194.633666666667,3206.404,2937.85
2023-07-23,6,7,1,0.0,178,0.0,0.0,2750.8074285714283,2192.8800666666666,4057.8,3070.0
2023-07-25,1,7,0,0.0,223,1.0,0.0,2609.693142857143,2190.7816000000003,2400.651,1394.25
2023-07-26,2,7,0,7.0,150,0.0,0.0,2465.9215714285715,2215.2032666666664,1766.8,3570.75
2023-07-27,3,7,0,0.0,213,0.0,0.0,2723.628714285714,2287.0132,2650.4,3151.35
2023-07-28,4,7,0,0.0,199,1.0,0.0,2795.1929999999998,2349.059866666667,2171.401,2423.351
2023-07-29,5,7,1,0.0,217,0.0,0.0,2831.185857142857,2388.9948999999997,3270.75,4085.151
2023-07-30,6,7,1,2.0,156,0.0,0.0,2947.5288571428573,2433.8764,2937.85,3543.701
2023-08-01,1,8,0,4.0,129,0.0,0.0,3034.079,2472.178,3070.0,1849.2
2023-08-02,2,8,0,1.0,212,0.0,0.0,2859.679,2495.9512,1394.25,3390.4
2023-08-03,3,8,0,7.0,133,0.0,0.0,3144.843285714286,2587.4378666666667,3570.75,2402.8
2023-08-04,4,8,0,9.0,172,0.0,0.0,2977.993285714286,2624.8112000000006,3151.35,3178.301
2023-08-05,5,8,1,1.0,208,0.0,0.0,2981.8434285714284,2656.974333333333,2423.351,4297.701
2023-08-06,6,8,1,4.0,111,0.0,0.0,3249.6077142857143,2698.0421333333334,4085.151,2788.801
2023-08-08,1,8,0,6.0,201,0.0,0.0,3064.414857142857,2705.255166666667,3543.701,1630.5
2023-08-09,2,8,0,0.0,218,0.0,0.0,2791.100428571429,2702.7551000000003,1849.2,3219.551
2023-08-10,3,8,0,0.0,154,0.0,0.0,2986.864857142857,2763.2716666666665,3390.4,2870.95
2023-08-11,4,8,0,0.0,216,0.0,0.0,2912.657714285714,2786.3247333333334,2402.8,-409.43
2023-08-12,5,8,1,0.0,108,0.0,0.0,2510.9105714285715,2694.1402000000003,3178.301,2585.55
2023-08-13,6,8,1,0.0,169,0.0,0.0,2426.2318571428573,2666.1746,4297.701,2845.05
2023-08-14,0,8,0,0.0,157,0.0,0.0,2218.710285714286,2657.3478666666665,2788.801,2515.1
2023-08-15,1,8,0,0.0,102,0.0,0.0,2179.610142857143,2702.7511999999997,1630.5,4441.852
2023-08-16,2,8,0,0.0,80,0.0,0.0,2581.2318571428573,2760.1795333333334,3219.551,3603.81
2023-08-17,3,8,0,0.0,77,0.0,0.0,2636.126,2830.3581666666664,2870.95,3191.35
2023-08-18,4,8,0,0.0,138,0.0,0.0,2681.8974285714285,2829.856366666667,-409.43,3630.6
2023-08-19,5,8,1,1.0,118,0.0,0.0,3259.0445714285715,2815.616366666667,2585.55,4772.651
2023-08-20,6,8,1,0.0,180,0.0,0.0,3571.4875714285713,2894.6830333333337,2845.05,3137.17
2023-08-22,1,8,0,0.0,153,0.0,0.0,3613.2189999999996,2940.3620333333333,2515.1,2218.45
2023-08-23,2,8,0,0.0,165,0.0,0.0,3570.840428571428,2925.9637000000002,4441.852,2447.7
2023-08-24,3,8,0,0.0,209,0.0,0.0,3285.9615714285715,2935.1736666666666,3603.81,3539.303
2023-08-25,4,8,0,0.0,192,0.0,0.0,3276.7462857142855,2944.125433333333,3191.35,4249.15
2023-08-26,5,8,1,9.0,114,0.0,0.0,3427.860571428571,2987.835433333333,3630.6,1981.6
2023-08-27,6,8,1,16.0,325,0.0,0.0,3192.2891428571425,2951.5554333333334,4772.651,2432.77
2023-08-29,1,8,0,0.0,190,0.0,0.0,2858.0204285714285,2986.172766666667,3137.17,2050.101
2023-08-30,2,8,0,11.0,96,0.0,0.0,2702.7248571428568,2935.484466666667,2218.45,2624.451
2023-08-31,3,8,0,2.0,251,0.0,0.0,2760.725,2917.9211666666665,2447.7,3083.1
2023-09-01,4,9,0,2.0,220,0.0,0.0,2851.496428571428,2939.9128,3539.303,3476.55
2023-09-02,5,9,1,5.0,78,1.0,0.0,2842.5317142857143,2919.6261,4249.15,5014.001
2023-09-03,6,9,1,3.0,60,0.0,0.0,2951.796142857143,2968.6361,1981.6,1507.4
2023-09-05,1,9,0,0.0,74,0.0,0.0,2884.053285714286,2957.242766666667,2432.77,1809.2
2023-09-06,2,9,0,0.0,76,1.0,0.0,2794.971857142857,2904.5361,2050.101,1496.3
2023-09-07,3,9,0,0.0,87,0.0,0.0,2715.8574285714285,2874.319433333333,2624.451,699.8
2023-09-08,4,9,0,0.0,120,1.0,0.0,2440.907285714286,2791.702733333333,3083.1,2571.05
2023-09-09,5,9,1,0.0,149,0.0,0.0,2367.7572857142854,2734.1477,3476.55,4669.75
2023-09-10,6,9,1,0.0,166,0.0,0.0,2538.2144285714285,2796.8459999999995,5014.001,3767.602
2023-09-13,2,9,0,8.0,274,0.0,0.0,2360.157428571428,2868.082733333333,1507.4,2246.651
2023-09-14,3,9,0,1.0,231,0.0,0.0,2465.764714285714,2835.6527333333333,1809.2,794.05
2023-09-15,4,9,0,7.0,25,1.0,0.0,2320.743285714286,2766.4227333333333,1496.3,2933.05
2023-09-16,5,9,1,4.0,234,0.0,0.0,2525.993285714286,2877.838733333333,699.8,5480.2
2023-09-17,6,9,1,0.0,356,1.0,0.0,3208.907571428572,2974.3270666666663,2571.05,5283.0
2023-09-19,1,9,0,1.0,176,0.0,1.0,3596.329,3055.592066666666,4669.75,1043.35
2023-09-20,2,9,0,9.0,247,0.0,1.0,3078.271857142857,3006.533733333333,3767.602,1574.9
2023-09-21,3,9,0,0.0,258,0.0,0.0,2765.0287142857146,2910.9686666666666,2246.651,857.1
2023-09-22,4,9,0,0.0,289,0.0,0.0,2566.5214285714287,2819.411666666667,794.05,3422.3
2023-09-23,5,9,1,0.0,259,1.0,0.0,2941.9857142857145,2827.11,2933.05,6803.15
2023-09-24,6,9,1,0.0,284,0.0,0.0,3494.8571428571427,2932.861666666666,5480.2,5403.5
2023-09-26,1,9,0,0.0,225,0.0,0.0,3483.9000000000005,2953.8899666666666,5283.0,640.25
2023-09-27,2,9,0,0.0,234,0.0,0.0,2820.6500000000005,2870.6593,1043.35,2388.55
2023-09-28,3,9,0,0.0,239,0.0,0.0,3012.8214285714284,2876.3293,1574.9,1775.8
2023-09-29,4,9,0,0.0,201,0.0,0.0,3041.5214285714283,2853.9326333333333,857.1,3618.4
2023-09-30,5,9,1,0.0,229,0.0,0.0,3435.992857142857,2856.5692,3422.3,6832.5
2023-10-01,6,10,1,0.0,85,0.0,0.0,3923.164285714286,2942.680866666667,6803.15,5663.25
2023-10-03,1,10,0,0.0,113,0.0,1.0,3760.3214285714284,3065.4025333333334,5403.5,1651.6
2023-10-04,2,10,0,0.0,236,0.0,1.0,3224.335714285714,3039.3635333333336,640.25,2924.3
2023-10-05,3,10,0,0.0,219,0.0,0.0,3550.628571428571,3068.5035,2388.55,1758.8
2023-10-06,4,10,0,0.0,191,0.0,0.0,3460.6642857142856,3039.6484666666665,1775.8,3470.55
2023-10-07,5,10,1,3.0,154,0.0,0.0,3702.7714285714287,3052.5634666666665,3618.4,6588.9
2023-10-08,6,10,1,0.0,206,0.0,0.0,4127.128571428571,3156.3084666666664,6832.5,5525.45
2023-10-10,1,10,0,0.0,240,0.0,0.0,3940.4071428571433,3173.3567666666668,5663.25,914.3
2023-10-11,2,10,0,0.0,240,0.0,0.0,3261.985714285714,3153.5867666666663,1651.6,3514.2
2023-10-12,3,10,0,0.0,240,1.0,0.0,3528.0714285714284,3210.4201000000003,2924.3,6037.3
2023-10-13,4,10,0,0.0,245,0.0,0.0,3972.785714285714,3361.786766666666,1758.8,6311.05
2023-10-14,5,10,1,0.0,83,0.0,0.0,4623.107142857143,3548.8284333333336,3470.55,6559.2
2023-10-15,6,10,1,12.0,141,0.0,0.0,5064.342857142857,3681.7667666666666,6588.9,5364.05
2023-10-18,2,10,0,8.0,242,0.0,0.0,4889.364285714286,3704.9101,5525.45,1715.8
2023-10-19,3,10,0,5.0,225,0.0,0.0,4345.128571428571,3636.5167,914.3,1189.4
2023-10-20,4,10,0,7.0,265,0.0,0.0,4384.428571428572,3601.275,3514.2,3226.85
2023-10-21,5,10,1,0.0,280,0.0,0.0,4343.378571428571,3682.3683333333333,6037.3,7056.25
2023-10-22,6,10,1,1.0,351,0.0,0.0,4488.942857142857,3819.8083333333334,6311.05,4102.45
2023-10-24,1,10,0,3.0,267,0.0,1.0,4173.428571428572,3773.883333333333,6559.2,895.1
2023-10-25,2,10,0,0.0,274,0.0,1.0,3364.2714285714287,3627.6200000000003,5364.05,1418.85
2023-10-26,3,10,0,1.0,252,0.0,0.0,2800.671428571429,3640.1366666666663,1715.8,1473.5
2023-10-27,4,10,0,0.0,275,0.0,0.0,2766.057142857143,3636.7566666666667,1189.4,3060.35
2023-10-28,5,10,1,0.0,251,0.0,0.0,3033.335714285714,3710.1983333333333,3226.85,6822.8
2023-10-29,6,10,1,0.0,236,1.0,0.0,3547.0428571428574,3823.548333333333,7056.25,4161.2
2023-10-31,1,10,0,0.0,286,0.0,0.0,3133.464285714286,3735.483333333333,4102.45,2541.85
2023-11-01,2,11,0,0.0,279,1.0,0.0,2910.5214285714287,3640.0950000000003,895.1,4629.0
2023-11-02,3,11,0,7.0,249,0.0,0.0,3443.935714285714,3773.0533333333337,1418.85,2485.2
2023-11-03,4,11,0,0.0,280,0.0,0.0,3596.2714285714283,3776.275,1473.5,3136.2
2023-11-04,5,11,1,3.0,247,0.0,0.0,3833.7999999999997,3821.6216666666664,3060.35,6810.8
2023-11-05,6,11,1,0.0,268,0.0,0.0,4369.578571428571,3928.0350000000003,6822.8,4571.05
2023-11-07,1,11,0,0.0,268,0.0,1.0,4047.9000000000005,3852.6533333333336,4161.2,321.201
2023-11-08,2,11,0,0.0,268,0.0,1.0,3499.3287142857143,3674.5850333333333,2541.85,902.5
2023-11-09,3,11,0,2.0,266,0.0,0.0,3265.135857142857,3649.615033333333,4629.0,1296.551
2023-11-10,4,11,0,0.0,288,0.0,0.0,2789.0717142857143,3595.3567333333335,2485.2,3028.35
2023-11-11,5,11,1,0.0,20,0.0,0.0,2866.664571428572,3637.675066666667,3136.2,7143.713
2023-11-12,6,11,1,0.0,304,0.0,0.0,3439.1664285714287,3760.1138333333333,6810.8,4103.45
2023-11-14,1,11,0,0.0,285,0.0,0.0,3052.402142857143,3677.2655,4571.05,1448.8
2023-11-15,2,11,0,1.0,228,0.0,0.0,2606.3664285714285,3541.377166666666,321.201,957.95
2023-11-16,3,11,0,0.0,266,0.0,0.0,2697.330571428571,3542.8321666666666,902.5,1452.15
2023-11-17,4,11,0,5.0,90,0.0,0.0,2775.852,3474.0971666666665,1296.551,2038.9
2023-11-18,5,11,1,0.0,263,0.0,0.0,2881.9018571428574,3340.8171666666667,3028.35,6643.8
2023-11-19,6,11,1,0.0,289,0.0,0.0,3398.394714285714,3351.9088333333334,7143.713,4517.3
2023-11-21,1,11,0,4.0,233,0.0,0.0,3023.192857142857,3283.8455000000004,4103.45,843.3
2023-11-22,2,11,0,0.0,337,0.0,0.0,2557.457142857143,3133.1538333333333,1448.8,521.1999999999999
2023-11-23,3,11,0,0.0,298,0.0,0.0,2424.942857142857,3093.333833333333,957.95,785.4
2023-11-24,4,11,0,0.0,312,0.0,0.0,2400.292857142857,3079.8671666666664,1452.15,2930.901
2023-11-25,5,11,1,0.0,236,0.0,0.0,2611.543,3070.0022,2038.9,6507.401
2023-11-26,6,11,1,3.0,122,0.0,0.0,3249.9002857142855,3051.7072333333335,6643.8,4144.401
2023-11-28,1,11,0,0.0,328,0.0,1.0,2892.8432857142857,3053.1056000000003,4517.3,1441.3
2023-11-29,2,11,0,7.0,126,0.0,1.0,2453.414714285714,3071.3122666666663,843.3,821.8019999999999
2023-11-30,3,11,0,3.0,247,0.0,0.0,2450.343571428571,3051.410666666667,521.1999999999999,1025.7
2023-12-01,4,12,0,7.0,265,0.0,0.0,2522.415,3036.484,785.4,3060.1
2023-12-02,5,12,1,3.0,301,0.0,0.0,2847.372142857143,3036.4756666666667,2930.901,6605.001
2023-12-03,6,12,1,1.0,275,1.0,0.0,3372.243571428571,3029.2156999999997,6507.401,3818.801
2023-12-05,1,12,0,0.0,315,0.0,0.0,2988.157857142857,3017.8024,4144.401,2314.8
2023-12-06,2,12,0,0.0,279,1.0,0.0,2726.786285714286,3010.2340666666664,1441.3,6561.05
2023-12-07,3,12,0,0.0,269,0.0,0.0,3458.179142857143,3074.635733333333,821.8019999999999,6835.353999999999
2023-12-08,4,12,0,5.0,302,1.0,0.0,4317.258,3219.6408666666666,1025.7,6257.551
2023-12-09,5,12,1,0.0,287,0.0,0.0,5064.665285714285,3323.6859,3060.1,6794.25
2023-12-10,6,12,1,0.0,295,0.0,0.0,5598.115285714286,3323.134233333333,6605.001,3611.4
2023-12-12,1,12,0,0.0,278,0.0,1.0,5170.458,3291.1459000000004,3818.801,513.1999999999999
2023-12-13,2,12,0,0.0,294,0.0,1.0,4698.229285714287,3297.545866666667,2314.8,1371.9
2023-12-14,3,12,0,0.0,309,0.0,0.0,4563.529285714286,3313.192533333334,6561.05,1267.15
2023-12-15,4,12,0,0.0,307,0.0,0.0,3807.257857142857,3312.2125,6835.353999999999,2127.9
2023-12-16,5,12,1,0.0,303,0.0,0.0,3134.764428571429,3282.1974999999998,6257.551,6575.25
2023-12-17,6,12,1,0.0,319,0.0,0.0,3180.1500000000005,3263.2487333333333,6794.25,4551.202
2023-12-19,1,12,0,0.0,297,0.0,0.0,2859.7145714285716,3278.1737999999996,3611.4,1394.0
2023-12-20,2,12,0,0.0,298,0.0,0.0,2542.943142857143,3276.3471333333337,513.1999999999999,3269.2
2023-12-21,3,12,0,0.0,302,0.0,0.0,2936.657428571428,3353.3888,1371.9,4454.7
2023-12-22,4,12,0,0.0,331,1.0,0.0,3377.0574285714288,3453.4737999999998,1267.15,5276.102
2023-12-23,5,12,1,0.0,302,0.0,0.0,3949.764857142857,3561.3805333333335,2127.9,6803.002
2023-12-24,6,12,1,0.0,287,1.0,0.0,4617.636571428571,3566.687266666667,6575.25,2939.85
2023-12-26,1,12,0,0.0,291,1.0,0.0,4098.293714285714,3514.1056000000003,4551.202,5043.201
2023-12-27,2,12,0,0.0,278,0.0,0.0,4168.579285714286,3654.1022999999996,1394.0,6034.849999999999
2023-12-28,3,12,0,0.0,281,0.0,0.0,4831.557857142857,3837.8906333333334,3269.2,6757.601
2023-12-29,4,12,0,0.0,305,0.0,0.0,5329.900857142857,4036.964,4454.7,6344.951
2023-12-30,5,12,1,0.0,285,0.0,0.0,5599.9367142857145,4150.765666666667,5276.102,6931.4
2023-12-31,6,12,1,0.0,274,1.0,0.0,5836.407857142857,4164.898966666667,6803.002,2640.701
2024-01-01,0,1,0,0.0,282,1.0,0.0,5241.793428571429,4114.775633333334,2939.85,4046.7509999999997
2024-01-02,1,1,0,1.0,267,1.0,0.0,5399.922142857142,4201.624,5043.201,5929.7029999999995
2024-01-03,2,1,0,0.0,268,0.0,0.0,5526.565285714285,4371.887366666666,6034.849999999999,5728.451
2024-01-04,3,1,0,1.0,288,0.0,0.0,5482.794,4528.645733333334,6757.601,6266.001
2024-01-05,4,1,0,10.0,301,0.0,0.0,5412.565428571428,4635.509099999999,6344.951,5596.852
2024-01-06,5,1,1,3.0,313,1.0,0.0,5305.694142857143,4601.904133333333,6931.4,6005.902
2024-01-07,6,1,1,0.0,302,0.0,0.0,5173.480142857143,4674.8075,2640.701,4810.55
2024-01-09,1,1,0,2.0,330,0.0,0.0,5483.458571428571,4757.9991666666665,4046.7509999999997,792.1
2024-01-10,2,1,0,14.0,334,0.0,0.0,5018.508428571428,4565.700833333333,5929.7029999999995,715.1
2024-01-11,3,1,0,1.0,303,0.0,0.0,4273.565142857143,4361.692366666666,5728.451,979.25
2024-01-12,4,1,0,0.0,299,0.0,0.0,3595.1078571428575,4185.749,6266.001,2855.0009999999997
2024-01-13,5,1,1,0.0,285,0.0,0.0,3107.8221428571424,4054.4406999999997,5596.852,6745.349999999999
2024-01-14,6,1,1,0.0,288,0.0,0.0,3271.893285714286,4158.9057,6005.902,4698.8009999999995
2024-01-16,1,1,0,0.0,297,0.0,0.0,3085.164571428572,4298.4257333333335,4810.55,607.2
2024-01-17,2,1,0,7.0,251,0.0,0.0,2484.686,4272.935733333333,792.1,887.1
2024-01-18,3,1,0,0.0,250,0.0,0.0,2498.2574285714286,4260.2674,715.1,1332.1019999999999
2024-01-19,4,1,0,16.0,88,0.0,0.0,2586.400571428571,4233.7408000000005,979.25,2487.5009999999997
2024-01-20,5,1,1,1.0,345,0.0,0.0,2801.8649999999993,4097.4825,2855.0009999999997,7791.45
2024-01-21,6,1,1,0.0,293,0.0,0.0,3507.0719999999997,4205.490766666667,6745.349999999999,4791.201
2024-01-23,1,1,0,0.0,313,0.0,0.0,3227.907857142857,4318.7308,4698.8009999999995,1106.0
2024-01-24,2,1,0,0.0,310,0.0,0.0,2714.6505714285713,4246.624133333334,607.2,859.9
2024-01-25,3,1,0,0.0,293,0.0,0.0,2750.750571428571,4126.797466666667,887.1,875.8
2024-01-26,4,1,0,0.0,295,0.0,0.0,2749.136285714286,3980.1207333333327,1332.1019999999999,3199.75
2024-01-27,5,1,1,0.0,347,0.0,0.0,3015.943142857143,3860.012333333333,2487.5009999999997,7954.652
2024-01-28,6,1,1,0.0,3,0.0,0.0,3796.9647142857143,4027.1724,7791.45,4552.951
2024-01-30,1,1,0,4.0,31,0.0,0.0,3334.322,4010.8307333333332,4791.201,781.9499999999999
2024-01-31,2,1,0,0.0,267,0.0,0.0,2761.5718571428574,3835.7340666666664,1106.0,1150.95
2024-02-01,3,2,0,0.0,285,0.0,0.0,2767.9932857142853,3648.8457,859.9,1310.8
2024-02-02,4,2,0,0.0,293,0.0,0.0,2832.407571428572,3481.0406666666668,875.8,4091.5499999999997
2024-02-03,5,2,1,0.0,275,0.0,0.0,3291.8004285714283,3386.379,3199.75,6191.3
2024-02-04,6,2,1,0.0,280,0.0,0.0,3719.1647142857146,3504.7323,7954.652,5630.88
2024-02-06,1,2,0,0.0,4,0.0,0.0,3387.197285714286,3557.5366,4552.951,508.29999999999995
2024-02-07,2,2,0,0.0,277,0.0,0.0,2809.39,3376.8231666666666,781.9499999999999,1185.3999999999999
2024-02-08,3,2,0,0.0,262,0.0,0.0,2867.0257142857145,3225.3881333333334,1150.95,552.6
2024-02-09,4,2,0,9.0,236,0.0,0.0,2781.547142857143,3034.9414333333334,1310.8,2830.95
2024-02-10,5,2,1,6.0,284,0.0,0.0,2998.7114285714283,2942.7447,4091.5499999999997,7604.55
2024-02-11,6,2,1,0.0,297,0.0,0.0,3500.5685714285714,2996.0329666666667,6191.3,5786.5
2024-02-13,1,2,0,2.0,242,1.0,1.0,3442.7400000000002,3028.5646333333334,5630.88,1043.1499999999999
2024-02-14,2,2,0,0.0,264,1.0,1.0,2787.35,3036.9329666666667,508.29999999999995,3015.7999999999997
2024-02-15,3,2,0,0.0,320,0.0,0.0,3145.5642857142857,3113.622966666667,1185.3999999999999,1649.85
2024-02-16,4,2,0,5.0,22,0.0,0.0,3211.914285714286,3135.9763000000003,552.6,3392.5499999999997
2024-02-17,5,2,1,1.0,300,0.0,0.0,3617.621428571428,3153.8946,2830.95,6928.349999999999
2024-02-18,6,2,1,0.0,263,0.0,0.0,4202.964285714285,3159.9945999999995,7604.55,5208.8
2024-02-20,1,2,0,0.0,252,0.0,1.0,3860.714285714286,3176.9945666666667,5786.5,1076.2
2024-02-21,2,2,0,0.0,238,0.0,1.0,3187.8142857142857,3192.6279,1043.1499999999999,1173.1
2024-02-22,3,2,0,0.0,237,0.0,0.0,3206.378571428571,3202.1612333333333,3015.7999999999997,2160.4
2024-02-23,4,2,0,8.0,265,0.0,0.0,3084.1785714285716,3229.7711666666664,1649.85,3651.2
2024-02-24,5,2,1,1.0,312,0.0,0.0,3370.085714285714,3268.5611333333336,3392.5499999999997,7704.2
2024-02-25,6,2,1,0.0,247,0.0,0.0,3986.035714285714,3265.6528000000003,6928.349999999999,4547.599999999999
2024-02-26,0,2,0,2.0,267,0.0,0.0,3645.9285714285716,3257.5327666666662,5208.8,360.9
2024-02-27,1,2,0,2.0,322,0.0,0.0,2953.371428571428,3232.6961,1076.2,238.9
2024-02-28,2,2,0,0.0,306,1.0,0.0,2833.7571428571423,3211.9961,1173.1,1584.1
2024-02-29,3,2,0,0.0,263,0.0,0.0,2892.4714285714285,3235.6061,2160.4,658.4
2024-03-01,4,3,0,5.0,305,1.0,0.0,2677.9,3150.8944333333334,3651.2,3821.35
2024-03-02,5,3,1,2.0,228,0.0,0.0,2702.207142857143,3013.1177000000002,7704.2,6525.2
2024-03-03,6,3,1,12.0,289,0.0,0.0,2533.778571428571,3078.8593333333333,4547.599999999999,4180.25
2024-03-05,1,3,0,2.0,313,0.0,1.0,2481.2999999999997,3192.136,360.9,606.1999999999999
2024-03-06,2,3,0,1.0,321,0.0,1.0,2516.3428571428567,3173.9776666666667,238.9,987.9
2024-03-07,3,3,0,0.0,163,0.0,0.0,2623.342857142857,3163.214333333333,1584.1,1473.1
2024-03-08,4,3,0,11.0,230,0.0,0.0,2607.485714285714,3075.9326666666666,658.4,3641.2999999999997
2024-03-09,5,3,1,16.0,214,0.0,0.0,3033.6142857142854,2990.9326666666666,3821.35,6553.2
2024-03-10,6,3,1,1.0,256,0.0,0.0,3423.878571428571,3021.6766666666667,6525.2,5327.8
2024-03-12,1,3,0,1.0,278,0.0,1.0,3252.821428571428,3182.326666666667,4180.25,235.5
2024-03-13,2,3,0,0.0,244,0.0,1.0,2689.285714285714,3150.663333333333,606.1999999999999,1133.3999999999999
2024-03-14,3,3,0,0.0,235,0.0,0.0,2764.6,3170.023333333333,987.9,1217.097
2024-03-15,4,3,0,2.0,99,0.0,0.0,2797.342428571428,3116.2282333333337,1473.1,2480.2
2024-03-16,5,3,1,0.0,200,0.0,0.0,2941.2138571428573,2945.4165666666668,3641.2999999999997,7480.09
2024-03-17,6,3,1,0.0,227,0.0,0.0,3489.6124285714286,3001.8695666666667,6553.2,4634.8
2024-03-19,1,3,0,0.0,115,1.0,0.0,3215.5552857142857,3121.591233333333,5327.8,1478.95
2024-03-20,2,3,0,0.0,65,1.0,0.0,2665.7195714285713,3070.3629,235.5,1035.2
2024-03-21,3,3,0,0.0,80,0.0,0.0,2779.9624285714285,3049.8745666666664,1133.3999999999999,1449.35
2024-03-22,4,3,0,0.0,210,0.0,0.0,2825.0981428571426,2985.1012333333333,1217.097,2767.7999999999997
2024-03-23,5,3,1,0.0,192,0.0,0.0,3046.6271428571426,2846.416233333334,2480.2,7408.75
2024-03-24,6,3,1,4.0,144,1.0,0.0,3750.7057142857147,2919.7479000000003,7480.09,5330.099999999999
2024-03-26,1,3,0,17.0,262,0.0,0.0,3443.5642857142857,3061.5445666666665,4634.8,2478.4
2024-03-27,2,3,0,1.0,248,0.0,0.0,3135.5071428571428,3105.0545666666667,1478.95,4576.55
2024-03-28,3,3,0,1.0,234,1.0,0.0,3578.0214285714287,3185.5929,1035.2,5760.75
2024-03-29,4,3,0,0.0,202,1.0,0.0,4253.099999999999,3255.911233333333,1449.35,7209.15
2024-03-30,5,3,1,2.0,224,1.0,0.0,5075.928571428572,3239.4095666666667,2767.7999999999997,7489.715999999999
2024-03-31,6,3,1,20.0,218,1.0,0.0,5750.487999999999,3337.4801,7408.75,6386.664
2024-04-01,0,4,0,2.0,255,1.0,0.0,5604.475714285714,3538.3388999999997,5330.099999999999,3008.104
2024-04-04,3,4,0,0.0,218,0.0,0.0,5272.762000000001,3630.6457,2478.4,1754.5
2024-04-05,4,4,0,0.0,219,0.0,0.0,5169.347714285715,3636.3257,4576.55,2589.9
2024-04-06,5,4,1,0.0,55,0.0,0.0,4885.540571428572,3700.709033333333,5760.75,5760.7
2024-04-07,6,4,1,0.0,54,0.0,0.0,4885.533428571428,3765.3540333333326,7209.15,3046.85
2024-04-09,1,4,0,3.0,86,0.0,1.0,4290.919142857142,3649.409033333333,7489.715999999999,1053.8
2024-04-10,2,4,0,0.0,173,1.0,1.0,3371.5025714285716,3545.194033333333,6386.664,1612.55
2024-04-11,3,4,0,0.0,233,0.0,0.0,2689.4862857142857,3578.7390333333333,3008.104,798.9
2024-04-12,4,4,0,0.0,245,0.0,0.0,2373.8857142857146,3572.4390333333336,1754.5,2997.0499999999997
2024-04-13,5,4,1,0.0,335,0.0,0.0,2551.3928571428573,3623.2373666666667,2589.9,5941.401
2024-04-14,6,4,1,0.0,226,0.0,0.0,3030.178714285714,3699.9073999999996,5760.7,3627.352
2024-04-16,1,4,0,8.0,135,0.0,1.0,2725.414714285714,3602.3791333333334,3046.85,622.0
2024-04-17,2,4,0,11.0,180,0.0,1.0,2379.0075714285713,3445.5191333333332,1053.8,735.15
2024-04-18,3,4,0,9.0,123,0.0,0.0,2333.486142857143,3462.174133333333,1612.55,2165.503
2024-04-19,4,4,0,0.0,238,0.0,0.0,2412.4794285714283,3496.577566666667,798.9,2374.101
2024-04-20,5,4,1,0.0,174,0.0,0.0,2637.508142857143,3535.1443666666664,2997.0499999999997,6067.65
2024-04-21,6,4,1,2.0,166,0.0,0.0,3076.165285714286,3654.726033333333,5941.401,3296.5009999999997
2024-04-23,1,4,0,5.0,104,1.0,0.0,2698.322428571428,3515.2730666666666,3627.352,1295.29
2024-04-24,2,4,0,0.0,197,0.0,0.0,2365.1707142857144,3403.9560666666666,622.0,1150.7
2024-04-25,3,4,0,6.0,70,0.0,0.0,2440.699285714286,3393.0144,735.15,971.9
2024-04-26,4,4,0,2.0,184,0.0,0.0,2474.5207142857143,3390.9044,2165.503,2834.5
2024-04-27,5,4,1,12.0,157,0.0,0.0,2570.0917142857143,3437.0760666666665,2374.101,4955.099999999999
2024-04-28,6,4,1,14.0,82,0.0,0.0,2938.805857142857,3509.9860666666664,6067.65,3388.0
2024-04-29,0,4,0,22.0,43,0.0,0.0,2555.998714285714,3375.9610666666663,3296.5009999999997,21.4
2024-04-30,1,4,0,9.0,71,0.0,1.0,2088.1271428571426,3199.0044,1295.29,2169.2
2024-05-01,2,5,0,3.0,260,1.0,1.0,2212.9714285714285,3188.697733333333,1150.7,4081.301
2024-05-02,3,5,0,0.0,282,1.0,0.0,2631.628714285714,3172.1894333333335,971.9,1964.8999999999999
2024-05-03,4,5,0,0.0,244,0.0,0.0,2773.4858571428567,3045.6611,2834.5,2833.701
2024-05-04,5,5,1,0.0,240,0.0,0.0,2773.371714285714,2899.8127999999997,4955.099999999999,5937.005
2024-05-05,6,5,1,0.0,169,1.0,0.0,2913.6438571428566,2848.0557666666664,3388.0,3965.951
2024-05-07,1,5,0,6.0,204,0.0,1.0,2996.2082857142855,2767.3653333333336,21.4,911.9019999999999
2024-05-08,2,5,0,0.0,273,0.0,1.0,3123.422857142857,2697.4919333333332,2169.2,1049.1
2024-05-09,3,5,0,0.0,218,0.0,0.0,2963.4085714285716,2673.9786,4081.301,683.001
2024-05-10,4,5,0,0.0,231,0.0,0.0,2477.937142857143,2610.4153,1964.8999999999999,2192.502
2024-05-11,5,5,1,0.0,206,0.0,0.0,2510.4517142857144,2491.475366666666,2833.701,5302.701
2024-05-12,6,5,1,1.0,166,0.0,0.0,2863.166,2566.6704,5937.005,3647.0499999999997
2024-05-14,1,5,0,11.0,90,0.0,0.0,2536.029571428571,2653.1120666666666,3965.951,636.85
2024-05-15,2,5,0,9.0,227,0.0,0.0,2060.443714285714,2620.588733333333,911.9019999999999,959.6999999999999
2024-05-16,3,5,0,8.0,205,0.0,0.0,2067.272,2625.948733333333,1049.1,1229.4
2024-05-17,4,5,0,3.0,94,1.0,0.0,2093.0291428571427,2567.0270666666665,683.001,3478.0499999999997
2024-05-18,5,5,1,2.0,76,0.0,0.0,2492.3218571428565,2484.9153666666666,2192.502,5812.349999999999
2024-05-19,6,5,1,2.0,101,1.0,0.0,3009.4429999999998,2557.7486333333336,5302.701,4797.099999999999
2024-05-20,0,5,0,2.0,249,1.0,0.0,2937.214285714286,2696.918633333333,3647.0499999999997,1935.1
2024-05-21,1,5,0,4.0,47,0.0,0.0,2692.65,2736.9169666666667,636.85,376.45
2024-05-22,2,5,0,11.0,168,0.0,0.0,2655.45,2677.2818666666662,959.6999999999999,1124.751
2024-05-23,3,5,0,0.0,93,0.0,0.0,2679.0287142857146,2635.6368666666667,1229.4,651.6999999999999
2024-05-24,4,5,0,4.0,62,0.0,0.0,2596.5001428571422,2455.1052,3478.0499999999997,1442.0
2024-05-25,5,5,1,0.0,207,0.0,0.0,2305.635857142857,2393.2885,5812.349999999999,5197.451
2024-05-26,6,5,1,0.0,183,0.0,0.0,2217.7931428571424,2523.360533333333,4797.099999999999,2709.15
2024-05-28,1,5,0,0.0,200,0.0,0.0,1919.5145714285713,2575.3088666666663,1935.1,631.1999999999999
2024-05-29,2,5,0,0.0,196,0.0,0.0,1733.2431428571429,2563.9521999999997,376.45,705.4
2024-05-30,3,5,0,0.0,139,1.0,0.0,1780.236,2492.9822,1124.751,1382.8
2024-05-31,4,5,0,2.0,200,1.0,0.0,1817.1001428571428,2373.905533333333,651.6999999999999,2983.0499999999997
2024-06-01,5,6,1,12.0,174,0.0,1.0,2150.150142857143,2360.4071999999996,1442.0,5275.401
2024-06-02,6,6,1,4.0,224,0.0,0.0,2697.778857142857,2535.540566666667,5197.451,3058.1
2024-06-06,3,6,0,0.0,227,0.0,0.0,2392.1572857142855,2565.1705666666667,2709.15,1487.051
2024-06-07,4,6,0,0.0,95,0.0,0.0,2217.5717142857143,2478.6955666666668,631.1999999999999,2708.201
2024-06-08,5,6,1,0.0,74,0.0,0.0,2514.2861428571423,2503.4722666666667,705.4,6188.5
2024-06-09,6,6,1,8.0,161,1.0,0.0,3297.586142857142,2615.2989000000002,1382.8,3880.9519999999998
2024-06-11,1,6,0,18.0,188,0.0,0.0,3654.4649999999997,2546.7637999999997,2983.0499999999997,326.7
2024-06-12,2,6,0,13.0,186,0.0,0.0,3274.9864285714284,2425.455433333333,5275.401,1086.55
2024-06-13,3,6,0,2.0,225,1.0,0.0,2676.579142857143,2431.277033333333,3058.1,763.6999999999999
2024-06-14,4,6,0,7.0,220,0.0,1.0,2348.807714285714,2421.7637,1487.051,1663.201
2024-06-15,5,6,1,0.0,103,0.0,1.0,2373.972,2454.437033333333,2708.201,5254.601
2024-06-16,6,6,1,0.0,167,0.0,1.0,2737.7434285714285,2556.507,6188.5,2562.5
2024-06-18,1,6,0,0.0,74,0.0,1.0,2219.7434285714285,2465.1669666666667,3880.9519999999998,751.3
2024-06-19,2,6,0,4.0,121,0.0,1.0,1772.6502857142857,2368.641966666667,326.7,1319.7
2024-06-20,3,6,0,19.0,84,1.0,1.0,1914.5074285714286,2391.4036333333333,1086.55,1756.8519999999999
2024-06-21,4,6,0,0.0,198,0.0,1.0,2010.264857142857,2417.9753666666666,763.6999999999999,2113.6
2024-06-22,5,6,1,3.0,77,0.0,1.0,2203.1077142857143,2447.4487,1663.201,3881.151
2024-06-23,6,6,1,11.0,171,0.0,1.0,2519.9577142857147,2460.8854,5254.601,890.0999999999999
2024-06-24,0,6,0,5.0,223,1.0,1.0,1896.4575714285713,2296.8104,2562.5,835.3
2024-06-25,1,6,0,0.0,229,0.0,1.0,1649.714714285714,2164.7504,751.3,1351.402
2024-06-26,2,6,0,0.0,213,0.0,1.0,1735.4435714285714,2145.2938,1319.7,1687.501
2024-06-27,3,6,0,0.0,102,0.0,0.0,1787.9865714285713,2188.9955,1756.8519999999999,848.3009999999999
2024-06-28,4,6,0,0.0,81,0.0,0.0,1658.1935714285714,2179.7805,2113.6,2756.604
2024-06-29,5,6,1,8.0,187,0.0,1.0,1750.0512857142858,2249.9439666666667,3881.151,5137.482
2024-06-30,6,6,1,0.0,95,0.0,1.0,1929.527142857143,2373.1267,890.0999999999999,3677.0009999999997
2024-07-02,1,7,0,1.0,147,0.0,1.0,2327.6558571428573,2322.445033333333,835.3,869.0
2024-07-03,2,7,0,6.0,106,0.0,0.0,2332.470142857143,2261.1067,1351.402,1774.3
2024-07-04,3,7,0,0.0,112,0.0,0.0,2392.884142857143,2299.2100333333337,1687.501,2028.5529999999999
2024-07-05,4,7,0,0.0,176,0.0,1.0,2441.6058571428575,2343.315133333333,848.3009999999999,2766.703
2024-07-06,5,7,1,0.0,107,0.0,1.0,2715.663285714286,2389.445233333333,2756.604,5023.8
2024-07-07,6,7,1,3.0,209,0.0,0.0,3039.5484285714288,2457.4702333333335,5137.482,4363.351
2024-07-09,1,7,0,0.0,204,0.0,1.0,2928.9582857142855,2427.0685666666664,3677.0009999999997,511.79999999999995
2024-07-10,2,7,0,0.0,199,0.0,1.0,2476.786714285714,2342.1919,869.0,1702.1509999999998
2024-07-11,3,7,0,0.0,193,0.0,0.0,2595.808285714286,2349.3618999999994,1774.3,2459.453
2024-07-12,4,7,0,2.0,156,0.0,0.0,2693.6872857142857,2341.0703,2028.5529999999999,2973.302
2024-07-13,5,7,1,6.0,173,0.0,0.0,2828.651428571429,2233.8970333333336,2766.703,5456.303
2024-07-14,6,7,1,0.0,225,0.0,1.0,3212.8799999999997,2286.4087333333327,5023.8,3231.901
2024-07-16,1,7,0,2.0,138,0.0,0.0,2956.8944285714283,2383.2487666666666,4363.351,1471.8
2024-07-17,2,7,0,0.0,194,0.0,0.0,2543.815714285714,2396.090433333333,511.79999999999995,2534.9519999999998
2024-07-18,3,7,0,0.0,212,0.0,0.0,2832.8374285714285,2455.1321666666668,1702.1509999999998,1498.75
2024-07-19,4,7,0,0.0,202,0.0,0.0,2803.780142857143,2449.6504666666665,2459.453,1975.75
2024-07-20,5,7,1,0.0,204,0.0,0.0,2734.6797142857145,2340.355433333333,2973.302,4873.152
2024-07-21,6,7,1,6.0,175,0.0,0.0,3006.0868571428573,2417.3771666666667,5456.303,3020.603
2024-07-23,1,7,0,0.0,220,0.0,0.0,2658.1297142857143,2493.0206000000003,3231.901,1261.6
2024-07-24,2,7,0,0.0,203,0.0,0.0,2376.658142857143,2491.0839333333333,1471.8,1277.301
2024-07-25,3,7,0,0.0,196,1.0,0.0,2348.8725714285715,2475.0989,2534.9519999999998,3040.002
2024-07-26,4,7,0,0.0,197,0.0,0.0,2421.022571428571,2505.9789666666666,1498.75,3507.2039999999997
2024-07-27,5,7,1,0.0,175,0.0,0.0,2707.944571428571,2493.514066666666,1975.75,4872.403
2024-07-28,6,7,1,0.0,81,1.0,0.0,3121.7521428571426,2626.2574999999997,4873.152,4192.704
2024-07-30,1,7,0,0.0,239,0.0,0.0,3024.545285714286,2738.1709666666666,3020.603,1230.254
2024-07-31,2,7,0,0.0,226,0.0,0.0,2768.7811428571426,2734.1327,1261.6,3052.402
2024-08-01,3,8,0,0.0,96,0.0,0.0,3024.61,2779.6294,1277.301,3192.35
2024-08-02,4,8,0,0.0,166,0.0,0.0,3298.1884285714286,2857.764366666667,3040.002,3607.1059999999998
2024-08-03,5,8,1,0.0,196,0.0,0.0,3379.2032857142854,2886.1144333333336,3507.2039999999997,4448.705
2024-08-04,6,8,1,2.0,182,0.0,0.0,3513.7034285714285,2863.1551999999997,4872.403,2294.901
2024-08-06,1,8,0,0.0,208,0.0,0.0,3145.488857142857,2817.0852,4192.704,2376.601
2024-08-07,2,8,0,0.0,119,0.0,0.0,2886.0455714285713,2867.3385666666663,1230.254,3654.152
2024-08-08,3,8,0,0.0,143,0.0,0.0,3232.316714285714,2930.0003,3052.402,3966.902
2024-08-09,4,8,0,0.0,180,0.0,0.0,3362.959571428571,2994.6119333333336,3192.35,3429.851
2024-08-10,5,8,1,0.0,129,0.0,0.0,3396.8882857142858,3016.7168666666666,3607.1059999999998,5297.671
2024-08-11,6,8,1,0.0,89,0.0,0.0,3638.397571428571,3025.8459,4448.705,3124.801
2024-08-13,1,8,0,4.0,66,0.0,0.0,3449.2684285714286,2984.5608999999995,2294.901,2401.402
2024-08-14,2,8,0,9.0,43,0.0,0.0,3464.4828571428575,3047.547633333333,2376.601,4552.153
2024-08-15,3,8,0,9.0,279,0.0,0.0,3775.2760000000003,3142.5477,3654.152,5247.2519999999995
2024-08-16,4,8,0,1.0,245,0.0,0.0,4002.8617142857142,3235.474333333333,3966.902,5479.905
2024-08-17,5,8,1,0.0,223,0.0,0.0,4219.005,3319.027766666666,3429.851,4529.606
2024-08-18,6,8,1,12.0,96,0.0,0.0,4376.112857142857,3288.1378666666665,5297.671,3709.353
2024-08-20,1,8,0,0.0,227,0.0,0.0,4149.210285714286,3304.052933333333,3124.801,1713.6009999999999
2024-08-21,2,8,0,0.0,208,0.0,0.0,3947.610285714286,3312.112966666667,2401.402,4589.852
2024-08-22,3,8,0,1.0,224,0.0,0.0,4260.246,3380.6096333333335,4552.153,4503.202
2024-08-23,4,8,0,0.0,207,0.0,0.0,4253.253,3480.758033333333,5247.2519999999995,2594.502
2024-08-24,5,8,1,0.0,201,0.0,0.0,3874.2887142857144,3501.3831,5479.905,3840.301
2024-08-25,6,8,1,1.0,108,0.0,0.0,3640.0595714285714,3466.954733333333,4529.606,2774.451
2024-08-27,1,8,0,7.0,216,0.0,0.0,3389.323142857143,3458.749666666666,3709.353,1491.151
2024-08-28,2,8,0,5.0,183,0.0,0.0,3072.4371428571426,3466.4013666666665,1713.6009999999999,2501.0
2024-08-29,3,8,0,6.0,91,0.0,0.0,3184.922714285714,3507.191333333333,4589.852,3346.351
2024-08-30,4,8,0,0.0,131,0.0,0.0,3007.279714285715,3517.402966666667,4503.202,3550.451
2024-08-31,5,8,1,0.0,84,0.0,0.0,2871.1724285714286,3518.844533333334,2594.502,5476.1539999999995
2024-09-01,6,9,1,2.0,49,0.0,0.0,3282.8369999999995,3538.9695666666667,3840.301,3821.102
2024-09-03,1,9,0,8.0,347,0.0,0.0,3280.094285714286,3526.5828333333334,2774.451,702.6
2024-09-04,2,9,0,10.0,310,0.0,0.0,2984.115571428571,3508.994366666667,1491.151,3732.906
2024-09-05,3,9,0,0.0,289,0.0,0.0,3304.3662857142854,3531.677833333333,2501.0,2977.802
2024-09-06,4,9,0,12.0,79,1.0,0.0,3372.4808571428575,3524.526233333333,3346.351,3542.701
2024-09-07,5,9,1,6.0,251,0.0,0.0,3400.530857142857,3522.3794,3550.451,5616.554999999999
2024-09-08,6,9,1,13.0,70,1.0,0.0,3695.6885714285713,3561.307733333333,5476.1539999999995,3078.253
2024-09-10,1,9,0,1.0,257,0.0,0.0,3353.1312857142852,3587.4194666666663,3821.102,1334.701
2024-09-11,2,9,0,4.0,300,1.0,0.0,2997.9311428571427,3552.6894666666662,702.6,3819.851
2024-09-12,3,9,0,11.0,165,0.0,0.0,3443.2527142857143,3558.2127666666665,3732.906,640.8009999999999
2024-09-13,4,9,0,1.0,178,0.0,0.0,3001.5234285714287,3447.342733333333,2977.802,1632.802
2024-09-14,5,9,1,0.0,272,0.0,0.0,2809.3805714285713,3387.4410999999996,3542.701,5154.003
2024-09-15,6,9,1,0.0,278,1.0,0.0,3039.5665714285715,3382.6521666666667,5616.554999999999,2423.752
2024-09-17,1,9,0,6.0,118,1.0,1.0,2583.451857142857,3359.2838666666667,3078.253,366.9
2024-09-18,2,9,0,4.0,67,0.0,1.0,2196.115714285714,3291.467133333333,1334.701,466.7
2024-09-19,3,9,0,7.0,204,0.0,1.0,2072.1155714285715,3155.2853666666665,3819.851,605.65
2024-09-20,4,9,0,10.0,47,0.0,0.0,1612.944,3000.5653,640.8009999999999,1795.144
2024-09-21,5,9,1,10.0,72,0.0,0.0,1777.850142857143,2877.7399333333333,1632.802,4671.541
2024-09-22,6,9,1,11.0,290,1.0,0.0,2211.9557142857143,2882.4711,5154.003,3488.683
2024-09-24,1,9,0,4.0,307,0.0,0.0,1974.052857142857,2875.1154333333334,2423.752,2530.339
2024-09-25,2,9,0,1.0,241,0.0,0.0,1989.2795714285712,2902.340033333333,366.9,700.6999999999999
2024-09-26,3,9,0,0.0,248,0.0,0.0,2036.9652857142858,2772.701633333333,466.7,311.4
2024-09-27,4,9,0,0.0,283,0.0,0.0,2014.7795714285712,2632.9749,605.65,2332.503
2024-09-28,5,9,1,0.0,276,0.0,0.0,2261.4728571428573,2624.2416,1795.144,5934.005
2024-09-29,6,9,1,3.0,232,0.0,0.0,2852.738714285714,2694.0317333333337,4671.541,2879.2039999999997
2024-10-01,1,10,0,0.0,242,0.0,1.0,2596.6905714285713,2697.5235000000002,3488.683,615.75
2024-10-02,2,10,0,11.0,70,0.0,1.0,2186.271571428571,2668.3434666666667,2530.339,575.8
2024-10-03,3,10,0,8.0,334,0.0,0.0,1907.051714285714,2604.1701333333335,700.6999999999999,1057.602
2024-10-04,4,10,0,0.0,288,0.0,0.0,1958.0377142857142,2527.8785,311.4,1399.302
2024-10-05,5,10,1,2.0,220,0.0,0.0,2113.452285714286,2456.173533333333,2332.503,5377.753
2024-10-06,6,10,1,0.0,262,0.0,0.0,2548.488,2452.8934999999997,5934.005,3535.102
2024-10-08,1,10,0,6.0,270,0.0,0.0,2205.7875714285715,2443.3601666666664,2879.2039999999997,816.8009999999999
2024-10-09,2,10,0,2.0,239,1.0,0.0,1911.1585714285716,2447.1668666666665,615.75,827.9
2024-10-10,3,10,0,0.0,331,0.0,0.0,1941.4657142857143,2350.3333333333335,575.8,686.0
2024-10-11,4,10,0,1.0,347,0.0,0.0,1957.2085714285713,2273.939933333333,1057.602,2053.903
2024-10-12,5,10,1,6.0,247,1.0,0.0,2099.5372857142856,2224.313333333333,1399.302,6274.602
2024-10-13,6,10,1,0.0,358,0.0,0.0,2796.008714285714,2246.2482333333332,5377.753,2066.401
2024-10-15,1,10,0,6.0,69,0.0,0.0,2322.9584285714286,2212.5198333333333,3535.102,360.7
2024-10-16,2,10,0,5.0,219,0.0,0.0,1869.4724285714287,2180.0531333333333,816.8009999999999,555.603
2024-10-17,3,10,0,8.0,285,0.0,0.0,1832.1584285714284,2071.2448666666664,827.9,1442.45
2024-10-18,4,10,0,1.0,311,0.0,0.0,1919.9512857142856,2097.9665,686.0,2672.13
2024-10-19,5,10,1,0.0,292,0.0,0.0,2203.684142857143,2132.6107666666667,2053.903,5112.672
2024-10-20,6,10,1,0.0,286,0.0,0.0,2640.6511428571425,2131.2330666666667,6274.602,2837.208
2024-10-22,1,10,0,1.0,50,0.0,1.0,2149.594857142857,2145.0149333333334,2066.401,965.751
2024-10-23,2,10,0,0.0,334,0.0,1.0,1992.3591428571428,2164.976633333333,360.7,865.8979999999999
2024-10-24,3,10,0,3.0,253,0.0,0.0,2064.5302857142856,2178.2832333333336,555.603,1975.8909999999998
2024-10-25,4,10,0,9.0,268,0.0,0.0,2267.4285714285716,2223.957933333333,1442.45,2401.237
2024-10-26,5,10,1,17.0,123,0.0,0.0,2404.3981428571424,2244.1610333333333,2672.13,4475.43
2024-10-27,6,10,1,11.0,42,1.0,0.0,2662.0124285714287,2237.6240000000003,5112.672,3501.194
2024-10-29,1,10,0,4.0,63,0.0,0.0,2431.8012857142858,2238.0410333333334,2837.208,839.794
2024-10-30,2,10,0,15.0,60,0.0,0.0,2146.4564285714287,2181.689533333333,965.751,1436.056
2024-10-31,3,10,0,6.0,66,0.0,0.0,2213.6428571428573,2206.2014,865.8979999999999,2823.392
2024-11-01,4,11,0,4.0,30,1.0,0.0,2493.284857142857,2289.934466666666,1975.8909999999998,4170.525
2024-11-02,5,11,1,13.0,49,0.0,0.0,2806.8039999999996,2351.201866666667,2401.237,6491.184
2024-11-03,6,11,1,12.0,36,0.0,0.0,3391.0821428571426,2369.7745,4475.43,3128.1929999999998
2024-11-05,1,11,0,7.0,341,0.0,1.0,3198.6197142857136,2378.0741333333335,3501.194,95.1
2024-11-06,2,11,0,8.0,27,0.0,1.0,2712.034857142857,2360.719133333333,839.794,534.789
2024-11-07,3,11,0,11.0,46,0.0,0.0,2668.4627142857144,2359.3520999999996,1436.056,647.5989999999999
2024-11-08,4,11,0,2.0,297,0.0,0.0,2555.826,2345.6853333333333,2823.392,1766.402
2024-11-09,5,11,1,6.0,314,0.0,0.0,2404.8274285714288,2357.922,4170.525,6449.739
2024-11-10,6,11,1,0.0,303,0.0,0.0,2730.4294285714286,2393.6548666666663,6491.184,4154.741
2024-11-12,1,11,0,6.0,298,0.0,0.0,2396.651857142857,2414.3095000000003,3128.1929999999998,976.2049999999999
2024-11-13,2,11,0,13.0,28,0.0,0.0,2089.225,2419.622966666667,95.1,1086.59
2024-11-14,3,11,0,0.0,33,0.0,0.0,2230.8664285714285,2428.245966666667,534.789,496.852
2024-11-15,4,11,0,2.0,54,0.0,0.0,2225.446857142857,2421.9410333333335,647.5989999999999,1711.302
2024-11-16,5,11,1,0.0,284,0.0,0.0,2377.4044285714285,2410.521,1766.402,6245.342
2024-11-17,6,11,1,0.0,300,0.0,0.0,3017.253,2409.5456666666664,6449.739,4039.3979999999997
2024-11-19,1,11,0,0.0,290,0.0,0.0,2672.9185714285713,2475.312233333333,4154.741,574.492
2024-11-20,2,11,0,0.0,293,0.0,0.0,2161.4544285714283,2482.438633333333,976.2049999999999,552.103
2024-11-21,3,11,0,1.0,278,0.0,0.0,2100.8684285714285,2482.321966666666,1086.59,1069.896
2024-11-22,4,11,0,0.0,273,0.0,0.0,2098.4835714285714,2469.9035,496.852,2375.092
2024-11-23,5,11,1,5.0,257,0.0,0.0,2366.8035714285716,2460.0022333333336,1711.302,5517.066
2024-11-24,6,11,1,8.0,281,0.0,0.0,2910.4841428571426,2473.482033333333,6245.342,3356.3799999999997
2024-11-26,1,11,0,1.0,283,0.0,1.0,2497.7752857142855,2490.787766666667,4039.3979999999997,239.297
2024-11-27,2,11,0,0.0,300,0.0,1.0,1954.9037142857142,2466.5726333333328,574.492,1144.504
2024-11-28,3,11,0,0.0,288,0.0,0.0,2036.334,2475.8594999999996,552.103,1038.206
2024-11-29,4,11,0,0.0,304,0.0,0.0,2105.7772857142854,2444.603333333333,1069.896,2155.296
2024-11-30,5,11,1,0.0,293,0.0,0.0,2260.834428571429,2436.4053,2375.092,5849.596
2024-12-01,6,12,1,0.0,292,0.0,0.0,2757.1921428571427,2482.2108333333326,5517.066,4399.691
2024-12-03,1,12,0,0.0,266,1.0,0.0,2597.567142857143,2512.160733333333,3356.3799999999997,496.296
2024-12-04,2,12,0,7.0,267,0.0,0.0,2188.983714285714,2500.7108,239.297,768.102
2024-12-05,3,12,0,0.0,312,0.0,0.0,2264.5272857142854,2478.4456666666665,1144.504,2952.583
2024-12-06,4,12,0,0.0,319,1.0,0.0,2522.8242857142855,2482.752033333333,1038.206,5798.596
2024-12-07,5,12,1,0.0,292,0.0,0.0,3202.88,2537.0210666666667,2155.296,6249.489
2024-12-08,6,12,1,0.0,285,1.0,0.0,3787.7647142857136,2528.964566666667,5849.596,3687.535
2024-12-09,0,12,0,2.0,318,1.0,0.0,3478.898857142857,2547.6092999999996,4399.691,349.7
2024-12-10,1,12,0,13.0,338,0.0,1.0,2900.3287142857143,2556.0959666666663,496.296,324.899
2024-12-11,2,12,0,23.0,338,0.0,1.0,2875.8434285714284,2549.099633333333,768.102,437.098
2024-12-12,3,12,0,18.0,37,0.0,0.0,2828.5571428571425,2542.082933333333,2952.583,501.50199999999995
2024-12-13,4,12,0,3.0,309,0.0,0.0,2478.4027142857135,2499.9196,5798.596,1516.599
2024-12-14,5,12,1,0.0,309,0.0,0.0,1866.6888571428572,2335.4816,6249.489,5356.855
2024-12-15,6,12,1,0.0,309,0.0,0.0,1739.169714285714,2375.552066666666,3687.535,3348.8959999999997
2024-12-17,1,12,0,0.0,279,0.0,0.0,1690.792714285714,2454.6417666666666,349.7,585.2959999999999
2024-12-18,2,12,0,0.0,300,0.0,0.0,1724.4492857142855,2437.931966666666,324.899,848.891
2024-12-19,3,12,0,0.0,285,0.0,0.0,1799.3052857142854,2449.6665999999996,437.098,875.196
2024-12-20,4,12,0,0.0,300,0.0,0.0,1861.890714285714,2421.7963999999997,501.50199999999995,2297.868
2024-12-21,5,12,1,0.0,300,1.0,0.0,2118.514428571428,2290.213933333333,1516.599,5153.195
2024-12-22,6,12,1,0.0,293,0.0,0.0,2638.028142857143,2327.3405,5356.855,4737.941
2024-12-23,0,12,0,0.0,290,0.0,0.0,2549.611857142857,2466.1221333333333,3348.8959999999997,2679.114
2024-12-24,1,12,0,0.0,308,1.0,0.0,2453.9287142857142,2537.0224999999996,585.2959999999999,1564.402
2024-12-26,3,12,0,0.0,357,1.0,0.0,2593.801,2553.506033333333,848.891,3122.0879999999997
2024-12-27,4,12,0,0.0,312,0.0,0.0,2918.5434285714286,2578.4058999999997,875.196,5349.673
2024-12-28,5,12,1,0.0,292,0.0,0.0,3557.754428571428,2572.826133333333,2297.868,5707.317
2024-12-29,6,12,1,0.0,300,1.0,0.0,4044.8185714285714,2651.1907,5153.195,5156.507
2024-12-30,0,12,0,0.0,298,0.0,0.0,4045.291714285714,2815.0977,4737.941,2679.674
2024-12-31,1,12,0,0.0,312,1.0,0.0,3751.253571428572,2866.2700333333332,2679.114,1273.495
